{
  "best_method": "equal",
  "best_eval_f1": 0.9532599120143384,
  "weights": [
    0.2,
    0.2,
    0.2,
    0.2,
    0.2
  ],
  "model_f1s": [
    0.9238085246014641,
    0.9432551082339993,
    0.857958267451833,
    0.9165691542090901,
    0.8924803945732434
  ]
}