{
  "fold": 0,
  "model_name": "convnext_base",
  "best_val_macro_f1": 0.723549724715789,
  "best_val_acc": 92.13500075335241,
  "total_epochs": 50,
  "final_train_loss": 0.5145777058429443,
  "final_train_acc": 82.5109236100648,
  "final_val_loss": 2.129872908959022,
  "final_val_acc": 92.21033599517854,
  "final_val_macro_f1": 0.7221408297593079,
  "best_epoch": 46,
  "config": {
    "batch_size": 128,
    "learning_rate": 3e-05,
    "weight_decay": 0.0005,
    "img_size": 448,
    "num_epochs": 50,
    "label_smoothing": 0.1,
    "use_mixup": true,
    "use_cutmix": true
  }
}