{
  "fold": 4,
  "model_name": "convnextv2_large",
  "best_val_macro_f1": 0.7322697648246739,
  "best_val_acc": 92.21486959906578,
  "bl_performance": {
    "f1": 0.9021739130434783,
    "precision": 0.8783068783068783,
    "recall": 0.9273743016759777
  },
  "total_epochs": 26,
  "final_train_loss": 0.5515687092211237,
  "final_train_acc": 84.47190865446996,
  "final_val_loss": 1.9672035865547244,
  "final_val_acc": 92.03321655637733,
  "final_val_macro_f1": 0.7194853003881891,
  "best_epoch": 16,
  "config": {
    "batch_size": 64,
    "learning_rate": 5e-05,
    "weight_decay": 0.0005,
    "img_size": 512,
    "num_epochs": 50,
    "label_smoothing": 0.1,
    "use_mixup": true,
    "use_cutmix": true
  }
}