{
  "fold": 0,
  "model_name": "maxvit_xlarge_tf_384",
  "best_val_macro_f1": 0.7893146144062524,
  "best_val_acc": 93.71999480991306,
  "bl_performance": {
    "f1": 0.9117379435850773,
    "precision": 0.891459074733096,
    "recall": 0.9329608938547486
  },
  "total_epochs": 50,
  "final_train_loss": 0.5586993753817319,
  "final_train_acc": 83.60256909303232,
  "final_val_loss": 2.010614206187458,
  "final_val_acc": 93.7978461139224,
  "final_val_macro_f1": 0.7611070503901108,
  "best_epoch": 47,
  "config": {
    "batch_size": 32,
    "learning_rate": 3e-05,
    "weight_decay": 0.0005,
    "img_size": 384,
    "num_epochs": 50,
    "label_smoothing": 0.1,
    "use_mixup": true,
    "use_cutmix": true
  }
}