{
  "fold": 3,
  "model_name": "maxvit_xlarge_tf_384",
  "best_val_macro_f1": 0.7385517666038288,
  "best_val_acc": 92.35759698974958,
  "bl_performance": {
    "f1": 0.9019963702359347,
    "precision": 0.8780918727915195,
    "recall": 0.9272388059701493
  },
  "total_epochs": 38,
  "final_train_loss": 0.5683842890613802,
  "final_train_acc": 83.1127546386402,
  "final_val_loss": 1.9987442997975964,
  "final_val_acc": 92.50032438043337,
  "final_val_macro_f1": 0.7189559003149225,
  "best_epoch": 28,
  "config": {
    "batch_size": 32,
    "learning_rate": 3e-05,
    "weight_decay": 0.0005,
    "img_size": 384,
    "num_epochs": 50,
    "label_smoothing": 0.1,
    "use_mixup": true,
    "use_cutmix": true
  }
}