{
  "weighted": {
    "weights": [
      0.10559010389096087,
      0.10160809326330657,
      0.09728125147211482,
      0.0833043030257103,
      0.10535315465673414,
      0.09823929595014735,
      0.10369618630702827,
      0.09653215864466162,
      0.10566535752604705,
      0.10273009526328888
    ],
    "macro_f1": 0.9532868516161808,
    "accuracy": 0.974766355140187,
    "per_class_f1": [
      1.0,
      0.9663461538461539,
      0.7319587628865979,
      0.9941176470588236,
      0.9826030927835051,
      0.94,
      0.973432518597237,
      0.9433962264150944,
      0.9696969696969697,
      1.0,
      0.9855072463768116,
      0.9839313229143738,
      0.9217391304347826
    ]
  },
  "equal": {
    "weights": [
      0.1,
      0.1,
      0.1,
      0.1,
      0.1,
      0.1,
      0.1,
      0.1,
      0.1,
      0.1
    ],
    "macro_f1": 0.9532597487311146,
    "accuracy": 0.9745794392523365,
    "per_class_f1": [
      1.0,
      0.9663461538461539,
      0.7282051282051282,
      0.9912023460410557,
      0.9826030927835051,
      0.9494949494949495,
      0.9744680851063829,
      0.9433962264150944,
      0.9696969696969697,
      1.0,
      0.9855072463768116,
      0.98370761778952,
      0.9177489177489178
    ]
  },
  "classy": {
    "weights": "per-class",
    "macro_f1": 0.9536804700161368,
    "accuracy": 0.9751401869158879,
    "per_class_f1": [
      1.0,
      0.9663461538461539,
      0.7395833333333334,
      0.9941176470588236,
      0.9826030927835051,
      0.94,
      0.9744680851063829,
      0.9433962264150944,
      0.9696969696969697,
      1.0,
      0.9855072463768116,
      0.9843784378437844,
      0.9177489177489178
    ]
  },
  "best_method": "classy",
  "best_macro_f1": 0.9536804700161368,
  "best_weights": "classy"
}